{
  "rules": {
    "align": [
      true,
      "parameters",
      "arguments",
      "statements"
    ],
    "ban": false,
    "class-name": true,
    "comment-format": [
      true,
      "check-space",
      "check-lowercase"
    ],
    "curly": true,
    "eofline": true,
    "forin": true,
    "indent": [
      true,
      "spaces"
    ],
    "interface-name": false,
    "jsdoc-format": true,
    "label-position": true,
    "label-undefined": true,
    "max-line-length": [
      true,
      140
    ],
    "member-ordering": [
      true,
      "public-before-private",
      "static-before-instance",
      "variables-before-functions"
    ],
    "no-any": false,
    "no-arg": true,
    "no-bitwise": true,
    "no-conditional-assignment": true,
    "no-consecutive-blank-lines": false,
    "no-console": [
      true,
      "debug",
      "info",
      "time",
      "timeEnd",
      "trace"
    ],
    "no-construct": true,
    "no-constructor-vars": false,
    "no-debugger": true,
    "no-duplicate-key": true,
    "no-duplicate-variable": true,
    "no-empty": true,
    "no-eval": true,
    "no-inferrable-types": false,
    "no-internal-module": true,
    "no-require-imports": true,
    "no-shadowed-variable": true,
    "no-string-literal": true,
    "no-switch-case-fall-through": true,
    "no-trailing-whitespace": true,
    "no-unreachable": true,
    "no-unused-expression": true,
    "no-unused-variable": true,
    "no-use-before-declare": true,
    "no-var-keyword": true,
    "no-var-requires": true,
    "object-literal-sort-keys": false,
    "one-line": [
      true,
      "check-open-brace",
      "check-catch",
      "check-else",
      "check-whitespace"
    ],
    "quotemark": [
      true,
      "single",
      "avoid-escape"
    ],
    "radix": true,
    "semicolon": true,
    "switch-default": true,
    "trailing-comma": [
      true,
      {
        "multiline": "never",
        "singleline": "never"
      }
    ],
    "triple-equals": [
      true,
      "allow-null-check"
    ],
    "typedef": false,
    "typedef-whitespace": [
      true,
      {
        "call-signature": "nospace",
        "index-signature": "nospace",
        "parameter": "nospace",
        "property-declaration": "nospace",
        "variable-declaration": "nospace"
      }
    ],
    "use-strict": false,
    "variable-name": [
      true,
      "check-format",
      "allow-leading-underscore",
      "ban-keywords"
    ],
    "whitespace": [
      true,
      "check-branch",
      "check-decl",
      "check-operator",
      "check-separator",
      "check-type"
    ]
  }
}